fecha_hora,subject,split,activity,repetition,duration_s,samples,expected,reception_percent,lost_packets,filename
2026-09-29T19:40:57,S01,entrenamiento,reposo,1,20,1000,1000,94.88,54,C:\Users\esifu\OneDrive\Escritorio\Datos\entrenamiento\reposo\S01_reposo_001.csv
2026-09-29T19:41:29,S01,entrenamiento,reposo,2,20,1000,1000,96.15,40,C:\Users\esifu\OneDrive\Escritorio\Datos\entrenamiento\reposo\S01_reposo_002.csv
2026-09-29T19:42:02,S01,entrenamiento,reposo,3,20,1000,1000,95.97,42,C:\Users\esifu\OneDrive\Escritorio\Datos\entrenamiento\reposo\S01_reposo_003.csv
2026-09-29T19:42:33,S01,entrenamiento,reposo,4,20,1000,1000,95.6,46,C:\Users\esifu\OneDrive\Escritorio\Datos\entrenamiento\reposo\S01_reposo_004.csv
2026-09-29T19:43:03,S01,entrenamiento,reposo,5,20,1000,1000,97.94,21,C:\Users\esifu\OneDrive\Escritorio\Datos\entrenamiento\reposo\S01_reposo_005.csv
2026-09-29T19:43:36,S01,entrenamiento,reposo,6,20,1000,1000,93.72,67,C:\Users\esifu\OneDrive\Escritorio\Datos\entrenamiento\reposo\S01_reposo_006.csv
2026-09-29T19:44:07,S01,entrenamiento,reposo,7,20,1000,1000,95.79,44,C:\Users\esifu\OneDrive\Escritorio\Datos\entrenamiento\reposo\S01_reposo_007.csv
2026-09-29T19:44:37,S01,entrenamiento,reposo,8,20,1000,1000,96.9,32,C:\Users\esifu\OneDrive\Escritorio\Datos\entrenamiento\reposo\S01_reposo_008.csv
2026-09-29T19:45:08,S01,entrenamiento,reposo,9,20,1000,1000,97.94,21,C:\Users\esifu\OneDrive\Escritorio\Datos\entrenamiento\reposo\S01_reposo_009.csv
2026-09-29T19:45:38,S01,entrenamiento,reposo,10,20,1000,1000,97.18,29,C:\Users\esifu\OneDrive\Escritorio\Datos\entrenamiento\reposo\S01_reposo_010.csv
2026-09-29T19:46:11,S01,prueba,reposo,1,20,1000,1000,98.33,17,C:\Users\esifu\OneDrive\Escritorio\Datos\prueba\reposo\S01_reposo_001.csv
2026-09-29T19:46:43,S01,prueba,reposo,2,20,1000,1000,97.94,21,C:\Users\esifu\OneDrive\Escritorio\Datos\prueba\reposo\S01_reposo_002.csv
2026-09-29T19:47:15,S01,prueba,reposo,3,20,1000,1000,99.9,1,C:\Users\esifu\OneDrive\Escritorio\Datos\prueba\reposo\S01_reposo_003.csv
2026-09-29T19:48:07,S01,entrenamiento,caminar,1,20,1000,1000,99.9,1,C:\Users\esifu\OneDrive\Escritorio\Datos\entrenamiento\caminar\S01_caminar_001.csv
2026-09-29T19:48:44,S01,entrenamiento,caminar,2,20,1000,1000,94.07,63,C:\Users\esifu\OneDrive\Escritorio\Datos\entrenamiento\caminar\S01_caminar_002.csv
2026-09-29T19:49:18,S01,entrenamiento,caminar,3,20,1000,1000,99.3,7,C:\Users\esifu\OneDrive\Escritorio\Datos\entrenamiento\caminar\S01_caminar_003.csv
2026-09-29T19:49:51,S01,entrenamiento,caminar,4,20,1000,1000,98.52,15,C:\Users\esifu\OneDrive\Escritorio\Datos\entrenamiento\caminar\S01_caminar_004.csv
2026-09-29T19:50:35,S01,entrenamiento,caminar,5,20,1000,1000,96.81,33,C:\Users\esifu\OneDrive\Escritorio\Datos\entrenamiento\caminar\S01_caminar_005.csv
2026-09-29T19:51:09,S01,entrenamiento,caminar,6,20,1000,1000,97.56,25,C:\Users\esifu\OneDrive\Escritorio\Datos\entrenamiento\caminar\S01_caminar_006.csv
2026-09-29T19:51:45,S01,entrenamiento,caminar,7,20,1000,1000,96.53,36,C:\Users\esifu\OneDrive\Escritorio\Datos\entrenamiento\caminar\S01_caminar_007.csv
2026-09-29T19:52:18,S01,entrenamiento,caminar,8,20,1000,1000,95.06,52,C:\Users\esifu\OneDrive\Escritorio\Datos\entrenamiento\caminar\S01_caminar_008.csv
2026-09-29T19:52:48,S01,entrenamiento,caminar,9,20,1000,1000,99.7,3,C:\Users\esifu\OneDrive\Escritorio\Datos\entrenamiento\caminar\S01_caminar_009.csv
2026-09-29T19:53:19,S01,entrenamiento,caminar,10,20,1000,1000,100.0,0,C:\Users\esifu\OneDrive\Escritorio\Datos\entrenamiento\caminar\S01_caminar_010.csv
2026-09-29T19:53:56,S01,prueba,caminar,1,20,1000,1000,99.01,10,C:\Users\esifu\OneDrive\Escritorio\Datos\prueba\caminar\S01_caminar_001.csv
2026-09-29T19:54:28,S01,prueba,caminar,2,20,1000,1000,98.23,18,C:\Users\esifu\OneDrive\Escritorio\Datos\prueba\caminar\S01_caminar_002.csv
2026-09-29T19:55:03,S01,prueba,caminar,3,20,1000,1000,98.23,18,C:\Users\esifu\OneDrive\Escritorio\Datos\prueba\caminar\S01_caminar_003.csv
2026-09-29T19:56:31,S01,entrenamiento,sentarse_levantarse,1,20,1000,1000,99.9,1,C:\Users\esifu\OneDrive\Escritorio\Datos\entrenamiento\sentarse_levantarse\S01_sentarse_levantarse_001.csv
2026-09-29T19:57:08,S01,entrenamiento,sentarse_levantarse,2,20,1000,1000,97.66,24,C:\Users\esifu\OneDrive\Escritorio\Datos\entrenamiento\sentarse_levantarse\S01_sentarse_levantarse_002.csv
2026-09-29T19:57:43,S01,entrenamiento,sentarse_levantarse,3,20,1000,1000,96.99,31,C:\Users\esifu\OneDrive\Escritorio\Datos\entrenamiento\sentarse_levantarse\S01_sentarse_levantarse_003.csv
2026-09-29T19:58:20,S01,entrenamiento,sentarse_levantarse,4,20,1000,1000,100.0,0,C:\Users\esifu\OneDrive\Escritorio\Datos\entrenamiento\sentarse_levantarse\S01_sentarse_levantarse_004.csv
2026-09-29T19:58:52,S01,entrenamiento,sentarse_levantarse,5,20,1000,1000,98.91,11,C:\Users\esifu\OneDrive\Escritorio\Datos\entrenamiento\sentarse_levantarse\S01_sentarse_levantarse_005.csv
2026-09-29T19:59:30,S01,entrenamiento,sentarse_levantarse,6,20,1000,1000,99.9,1,C:\Users\esifu\OneDrive\Escritorio\Datos\entrenamiento\sentarse_levantarse\S01_sentarse_levantarse_006.csv
2026-09-29T20:00:10,S01,entrenamiento,sentarse_levantarse,7,20,1000,1000,98.52,15,C:\Users\esifu\OneDrive\Escritorio\Datos\entrenamiento\sentarse_levantarse\S01_sentarse_levantarse_007.csv
2026-09-29T20:00:42,S01,entrenamiento,sentarse_levantarse,8,20,1000,1000,99.01,10,C:\Users\esifu\OneDrive\Escritorio\Datos\entrenamiento\sentarse_levantarse\S01_sentarse_levantarse_008.csv
2026-09-29T20:01:30,S01,entrenamiento,sentarse_levantarse,9,20,1000,1000,99.4,6,C:\Users\esifu\OneDrive\Escritorio\Datos\entrenamiento\sentarse_levantarse\S01_sentarse_levantarse_009.csv
2026-09-29T20:02:01,S01,entrenamiento,sentarse_levantarse,10,20,1000,1000,99.3,7,C:\Users\esifu\OneDrive\Escritorio\Datos\entrenamiento\sentarse_levantarse\S01_sentarse_levantarse_010.csv
2026-09-29T20:02:35,S01,prueba,sentarse_levantarse,1,20,1000,1000,100.0,0,C:\Users\esifu\OneDrive\Escritorio\Datos\prueba\sentarse_levantarse\S01_sentarse_levantarse_001.csv
2026-09-29T20:03:10,S01,prueba,sentarse_levantarse,2,20,1000,1000,99.8,2,C:\Users\esifu\OneDrive\Escritorio\Datos\prueba\sentarse_levantarse\S01_sentarse_levantarse_002.csv
2026-09-29T20:03:49,S01,prueba,sentarse_levantarse,3,20,1000,1000,92.08,86,C:\Users\esifu\OneDrive\Escritorio\Datos\prueba\sentarse_levantarse\S01_sentarse_levantarse_003.csv
