timestamp,ax,ay,az,gx,gy,gz
0,-0.883179,0.216797,-0.469604,0.045800,0.167900,0.122100
20,-0.882324,0.217285,-0.472290,0.213700,0.061100,-0.183200
40,-0.880493,0.221191,-0.476318,0.366400,-0.152700,-0.473300
60,-0.881592,0.225220,-0.475952,0.549600,-0.137400,-0.519100
80,-0.884155,0.224243,-0.478638,0.641200,-0.061100,-0.519100
100,-0.881470,0.223633,-0.479248,0.671800,0.061100,-0.320600
120,-0.881958,0.217285,-0.484375,0.641200,0.244300,-0.167900
140,-0.880493,0.218872,-0.474609,0.473300,0.534400,-0.076300
160,-0.881470,0.216919,-0.476807,0.259500,0.580200,-0.137400
180,-0.881836,0.221191,-0.471191,0.229000,0.335900,-0.335900
200,-0.877930,0.218872,-0.469604,0.473300,0.076300,-0.396900
220,-0.880859,0.218384,-0.481201,0.564900,-0.106900,-0.412200
240,-0.878540,0.221558,-0.480591,0.610700,-0.122100,-0.381700
260,-0.881714,0.225952,-0.476318,0.656500,0.091600,-0.335900
280,-0.882446,0.226929,-0.473022,0.595400,0.229000,-0.320600
300,-0.880005,0.225708,-0.478027,0.519100,0.183200,-0.106900
320,-0.878418,0.220459,-0.470825,0.503800,0.229000,0.106900
340,-0.877686,0.220703,-0.471191,0.519100,0.137400,0.030500
360,-0.878174,0.222656,-0.476440,0.748100,-0.167900,-0.198500
380,-0.877930,0.220337,-0.477295,0.900800,-0.381700,-0.335900
400,-0.879150,0.222046,-0.484985,0.900800,-0.442700,-0.167900
420,-0.879639,0.221436,-0.484253,0.290100,-0.274800,0.137400
440,-0.880981,0.220581,-0.482056,-0.091600,-0.091600,0.320600
460,-0.878906,0.216919,-0.478516,0.137400,0.015300,0.152700
480,-0.879883,0.212402,-0.482178,0.381700,0.015300,-0.030500
500,-0.881470,0.216064,-0.480957,0.458000,-0.030500,-0.290100
520,-0.880371,0.219360,-0.481567,0.274800,0.045800,-0.488500
540,-0.875854,0.220947,-0.483154,-0.015300,0.137400,-0.626000
560,-0.876953,0.224609,-0.475342,-0.167900,0.183200,-0.687000
580,-0.876587,0.228027,-0.477661,-0.290100,0.091600,-0.610700
600,-0.881470,0.232300,-0.475342,-0.412200,-0.061100,-0.641200
620,-0.878662,0.230347,-0.482788,-0.458000,-0.167900,-0.458000
640,-0.875977,0.224243,-0.477539,-0.473300,-0.229000,-0.152700
660,-0.879028,0.221802,-0.478516,-0.381700,-0.152700,0.076300
680,-0.881226,0.219604,-0.474854,-0.351100,-0.061100,0.030500
700,-0.880493,0.220093,-0.476562,-0.290100,-0.198500,-0.213700
720,-0.880371,0.225952,-0.479614,-0.076300,-0.366400,-0.442700
740,-0.877563,0.221069,-0.481812,0.015300,-0.488500,-0.198500
760,-0.883789,0.218994,-0.482056,-0.183200,-0.473300,-0.061100
780,-0.879639,0.219238,-0.481812,-0.259500,-0.320600,-0.106900
800,-0.880859,0.217529,-0.481567,0.045800,-0.122100,-0.122100
820,-0.884155,0.217896,-0.479980,0.396900,-0.015300,-0.213700
840,-0.878662,0.221313,-0.474243,0.381700,0.000000,-0.320600
860,-0.880249,0.217407,-0.474365,0.351100,-0.167900,-0.351100
880,-0.878906,0.220703,-0.476685,0.198500,-0.335900,-0.305300
900,-0.882690,0.222534,-0.476074,0.106900,-0.519100,-0.244300
920,-0.880981,0.222656,-0.476562,0.366400,-0.626000,-0.091600
940,-0.881958,0.222168,-0.478638,0.610700,-0.427500,-0.076300
960,-0.879272,0.218628,-0.474854,0.687000,-0.198500,-0.015300
980,-0.879883,0.217651,-0.479980,0.763400,-0.122100,0.091600
1000,-0.876221,0.222534,-0.475220,0.641200,-0.152700,0.015300
1020,-0.877563,0.219971,-0.477783,0.488500,-0.274800,0.106900
1040,-0.879517,0.217651,-0.474854,0.335900,-0.396900,0.137400
1060,-0.881104,0.213745,-0.478638,0.122100,-0.488500,0.045800
1080,-0.883179,0.218262,-0.478760,0.000000,-0.503800,-0.076300
1100,-0.881104,0.224365,-0.480103,0.595400,-0.427500,-0.274800
1120,-0.875244,0.224365,-0.477661,0.839700,-0.351100,-0.290100
1140,-0.880981,0.225830,-0.478149,0.610700,-0.274800,0.000000
1160,-0.882568,0.218872,-0.480225,0.213700,-0.167900,0.290100
1180,-0.879883,0.217529,-0.479248,-0.106900,-0.091600,0.335900
1200,-0.879761,0.213135,-0.484131,-0.076300,-0.152700,0.076300
1220,-0.881348,0.215332,-0.479736,0.305300,-0.229000,-0.259500
1240,-0.879395,0.219238,-0.476440,0.534400,-0.427500,-0.534400
1260,-0.875244,0.223022,-0.476562,0.381700,-0.534400,-0.580200
1280,-0.879028,0.227295,-0.482300,-0.106900,-0.488500,-0.366400
1300,-0.879761,0.225220,-0.476685,-0.671800,-0.366400,-0.106900
1320,-0.879639,0.223267,-0.483887,-0.748100,-0.244300,0.122100
1340,-0.878784,0.220703,-0.482178,-0.427500,0.000000,0.198500
1360,-0.881836,0.218994,-0.478027,-0.015300,0.091600,-0.030500
1380,-0.879517,0.222778,-0.478149,0.213700,-0.259500,-0.213700
1400,-0.876221,0.223267,-0.476440,0.167900,-0.549600,-0.229000
1420,-0.876587,0.221680,-0.475708,-0.045800,-0.626000,-0.122100
1440,-0.883057,0.221436,-0.476807,-0.213700,-0.595400,-0.106900
1460,-0.880127,0.218384,-0.478027,-0.229000,-0.519100,-0.122100
1480,-0.880249,0.218384,-0.479736,0.015300,-0.366400,-0.152700
1500,-0.882935,0.221191,-0.476074,0.335900,-0.198500,-0.244300
1520,-0.879517,0.226318,-0.477539,0.519100,-0.213700,-0.198500
1540,-0.881714,0.223511,-0.475952,0.427500,-0.213700,-0.015300
1560,-0.879761,0.218262,-0.478027,0.183200,-0.320600,0.152700
1580,-0.879761,0.213867,-0.474854,-0.106900,-0.412200,0.213700
1600,-0.881348,0.217529,-0.475708,-0.183200,-0.473300,0.061100
1620,-0.881714,0.215820,-0.470825,-0.076300,-0.396900,-0.213700
1640,-0.882812,0.223511,-0.474609,0.213700,-0.320600,-0.427500
1660,-0.879639,0.228271,-0.475586,0.320600,-0.427500,-0.381700
1680,-0.875244,0.226440,-0.477051,0.061100,-0.381700,-0.076300
1700,-0.875732,0.223145,-0.474609,-0.229000,-0.320600,0.106900
1720,-0.881958,0.220825,-0.472168,-0.213700,-0.412200,0.091600
1740,-0.882935,0.219482,-0.479858,-0.091600,-0.351100,-0.045800
1760,-0.880005,0.222534,-0.479126,0.229000,-0.198500,-0.106900
1780,-0.876709,0.221313,-0.477173,0.595400,-0.259500,-0.213700
1800,-0.874390,0.225952,-0.470581,0.595400,-0.366400,-0.137400
1820,-0.880493,0.221558,-0.471802,0.244300,-0.473300,-0.030500
1840,-0.883545,0.222168,-0.473755,0.091600,-0.549600,0.091600
1860,-0.883301,0.223633,-0.483032,0.167900,-0.519100,0.076300
1880,-0.879639,0.217163,-0.483887,0.473300,-0.335900,0.061100
1900,-0.880859,0.216675,-0.483643,0.702300,-0.122100,-0.076300
1920,-0.879761,0.223022,-0.476074,0.580200,-0.076300,-0.213700
1940,-0.877930,0.223267,-0.473389,-0.183200,-0.503800,-0.015300
1960,-0.883423,0.220947,-0.480347,-0.412200,-0.488500,0.167900
1980,-0.880737,0.217407,-0.478149,-0.259500,-0.442700,0.000000
2000,-0.880371,0.216797,-0.480103,0.122100,-0.274800,-0.259500
2020,-0.877930,0.223022,-0.478760,0.244300,-0.183200,-0.503800
2040,-0.880615,0.225464,-0.475952,0.183200,-0.290100,-0.412200
2060,-0.876221,0.230103,-0.472534,-0.091600,-0.351100,-0.091600
2080,-0.879761,0.224854,-0.473633,-0.167900,-0.366400,0.152700
2100,-0.881104,0.220947,-0.475586,-0.137400,-0.351100,0.229000
2120,-0.879517,0.216797,-0.474365,0.061100,-0.335900,-0.030500
2140,-0.878296,0.221680,-0.480713,0.274800,-0.458000,-0.229000
2160,-0.880737,0.223999,-0.476318,0.167900,-0.458000,-0.213700
2180,-0.881226,0.222534,-0.473633,-0.015300,-0.351100,-0.106900
2200,-0.877808,0.224731,-0.475220,-0.122100,-0.412200,-0.061100
2220,-0.883057,0.222534,-0.479980,0.000000,-0.366400,0.015300
2240,-0.883057,0.218140,-0.479248,0.076300,-0.351100,0.076300
2260,-0.884399,0.216553,-0.473877,0.106900,-0.198500,-0.030500
2280,-0.878662,0.221436,-0.479614,0.091600,-0.152700,-0.167900
2300,-0.880127,0.218628,-0.478760,0.091600,-0.229000,-0.274800
2320,-0.885132,0.223267,-0.471313,-0.030500,-0.351100,-0.305300
2340,-0.878296,0.226929,-0.475464,-0.106900,-0.427500,-0.274800
2360,-0.880127,0.224121,-0.474854,-0.030500,-0.274800,-0.198500
2380,-0.883301,0.225342,-0.474731,0.259500,-0.167900,-0.183200
2400,-0.879150,0.227661,-0.471069,0.366400,-0.320600,-0.259500
2420,-0.878296,0.227295,-0.475952,0.213700,-0.396900,-0.106900
2440,-0.879272,0.221924,-0.475952,-0.030500,-0.320600,0.274800
2460,-0.884766,0.223145,-0.477417,0.045800,-0.305300,0.259500
2480,-0.882080,0.222290,-0.479126,0.320600,-0.396900,0.000000
2500,-0.877808,0.218628,-0.479980,0.503800,-0.564900,-0.183200
2520,-0.881714,0.222778,-0.481079,0.687000,-0.610700,-0.137400
2540,-0.880127,0.223877,-0.483765,0.671800,-0.488500,-0.061100
2560,-0.880249,0.224121,-0.480713,0.351100,-0.244300,-0.045800
2580,-0.877563,0.218262,-0.476685,0.106900,-0.061100,-0.045800
2600,-0.883423,0.218506,-0.477173,0.076300,-0.122100,-0.015300
2620,-0.881226,0.214844,-0.475586,0.122100,-0.305300,-0.030500
2640,-0.882812,0.215820,-0.477905,0.152700,-0.320600,-0.229000
2660,-0.878906,0.219727,-0.476807,0.091600,-0.198500,-0.442700
2680,-0.880371,0.221436,-0.477539,-0.015300,-0.137400,-0.488500
2700,-0.881104,0.226440,-0.477661,-0.244300,-0.183200,-0.427500
2720,-0.876587,0.227905,-0.477905,-0.351100,-0.244300,-0.229000
2740,-0.876343,0.228882,-0.475098,-0.152700,-0.274800,-0.030500
2760,-0.880493,0.222656,-0.476685,0.152700,-0.305300,0.076300
2780,-0.879395,0.217651,-0.479248,0.274800,-0.366400,0.167900
2800,-0.882935,0.220093,-0.477295,0.244300,-0.259500,0.091600
2820,-0.883179,0.217896,-0.480347,0.183200,-0.198500,-0.076300
2840,-0.879395,0.218262,-0.474487,0.091600,-0.213700,-0.167900
2860,-0.881104,0.221802,-0.472412,0.167900,-0.198500,-0.259500
2880,-0.880371,0.224731,-0.474731,0.274800,-0.274800,-0.290100
2900,-0.876465,0.228638,-0.477905,0.213700,-0.351100,-0.152700
2920,-0.879150,0.223999,-0.480347,0.396900,-0.366400,0.045800
2940,-0.881226,0.223755,-0.473999,0.229000,-0.167900,0.061100
2960,-0.879272,0.221069,-0.476685,0.045800,-0.091600,0.076300
2980,-0.880737,0.222046,-0.471802,0.015300,-0.152700,-0.061100
3000,-0.881592,0.220947,-0.476685,0.259500,-0.335900,-0.137400
3020,-0.880493,0.223999,-0.473511,0.473300,-0.458000,-0.167900
3040,-0.880859,0.223511,-0.476074,0.381700,-0.534400,-0.167900
3060,-0.878418,0.222900,-0.480835,0.000000,-0.442700,-0.045800
3080,-0.878784,0.225098,-0.483887,-0.030500,-0.198500,0.091600
3100,-0.883667,0.218750,-0.474854,-0.030500,0.061100,0.091600
3120,-0.880615,0.219238,-0.478638,0.061100,0.045800,-0.045800
3140,-0.878662,0.218140,-0.473145,-0.015300,-0.152700,-0.167900
3160,-0.878540,0.220703,-0.474976,-0.061100,-0.351100,-0.244300
3180,-0.880127,0.224976,-0.482300,0.106900,-0.564900,-0.137400
3200,-0.884277,0.220703,-0.478394,0.000000,-0.259500,0.152700
3220,-0.879883,0.218018,-0.477783,0.015300,-0.106900,0.152700
3240,-0.880005,0.217163,-0.473633,0.244300,-0.091600,-0.076300
3260,-0.877808,0.219116,-0.480713,0.458000,-0.061100,-0.259500
3280,-0.876465,0.223389,-0.474121,0.580200,-0.290100,-0.351100
3300,-0.879639,0.225708,-0.478271,0.458000,-0.458000,-0.290100
3320,-0.880127,0.223755,-0.472778,-0.061100,-0.381700,-0.045800
3380,-0.880981,0.222534,-0.478149,0.137400,-0.152700,-0.137400
3420,-0.880371,0.229980,-0.471313,0.274800,-0.229000,-0.244300
3440,-0.880371,0.225586,-0.477661,-0.091600,-0.274800,-0.015300
3460,-0.880249,0.222412,-0.476440,-0.366400,-0.442700,0.152700
3480,-0.879395,0.219604,-0.476685,-0.259500,-0.580200,0.183200
3500,-0.883789,0.220337,-0.480957,0.274800,-0.366400,0.091600
3520,-0.882568,0.219971,-0.474854,0.656500,-0.183200,-0.167900
3540,-0.881958,0.226562,-0.474854,0.656500,-0.198500,-0.335900
3580,-0.874756,0.223267,-0.476318,0.091600,-0.244300,0.183200
3600,-0.881958,0.219604,-0.477173,0.183200,-0.167900,0.305300
3620,-0.880005,0.221191,-0.474609,0.305300,-0.274800,0.015300
3640,-0.882080,0.223511,-0.479248,0.412200,-0.458000,-0.274800
3660,-0.879883,0.222046,-0.480957,0.366400,-0.473300,-0.213700
3680,-0.877319,0.225220,-0.476807,0.198500,-0.274800,-0.091600
3700,-0.880249,0.222900,-0.474243,-0.045800,-0.198500,-0.030500
3720,-0.881348,0.222900,-0.475098,-0.198500,-0.229000,-0.061100
3740,-0.883789,0.219238,-0.477295,-0.152700,-0.351100,-0.167900
3760,-0.880493,0.222168,-0.476196,0.137400,-0.290100,-0.198500
3780,-0.880371,0.223633,-0.475464,0.396900,-0.229000,-0.305300
3800,-0.880371,0.224609,-0.476440,0.366400,-0.076300,-0.351100
3820,-0.879883,0.226318,-0.474487,0.213700,-0.244300,-0.305300
3840,-0.877319,0.225952,-0.475708,-0.213700,-0.366400,-0.106900
3860,-0.878052,0.224487,-0.479004,-0.320600,-0.458000,0.137400
3880,-0.881348,0.221313,-0.477417,0.015300,-0.412200,0.091600
3900,-0.885132,0.220703,-0.474854,0.167900,-0.290100,-0.030500
3920,-0.883667,0.219971,-0.478027,0.274800,-0.274800,-0.274800
3940,-0.879150,0.222900,-0.479736,0.427500,-0.305300,-0.396900
3960,-0.877197,0.224121,-0.479004,0.503800,-0.244300,-0.366400
3980,-0.877319,0.220581,-0.481323,0.305300,-0.045800,-0.259500
4000,-0.880249,0.225830,-0.477661,0.122100,-0.076300,-0.290100
4020,-0.881226,0.220215,-0.476196,0.137400,-0.183200,-0.335900
4040,-0.880737,0.222412,-0.476807,0.061100,-0.274800,-0.320600
4060,-0.881226,0.223389,-0.477661,0.000000,-0.213700,-0.351100
4080,-0.879028,0.222168,-0.475830,0.198500,-0.167900,-0.335900
4100,-0.879761,0.226440,-0.471436,0.320600,-0.091600,-0.351100
4120,-0.881226,0.224854,-0.476929,0.320600,-0.045800,-0.305300
4140,-0.880493,0.227417,-0.476196,0.335900,-0.106900,-0.244300
4160,-0.880127,0.222412,-0.476685,0.366400,-0.229000,-0.122100
4180,-0.883423,0.221558,-0.477905,0.396900,-0.244300,-0.015300
4200,-0.885132,0.220337,-0.479126,0.305300,-0.213700,-0.061100
4220,-0.885376,0.219116,-0.475464,0.305300,-0.076300,-0.137400
4240,-0.879517,0.221191,-0.478516,0.427500,-0.183200,-0.198500
4260,-0.882202,0.221436,-0.476318,0.458000,-0.244300,-0.198500
4280,-0.878784,0.221191,-0.476196,0.381700,-0.167900,-0.167900
4300,-0.879150,0.219238,-0.477661,0.198500,-0.137400,-0.076300
4320,-0.881470,0.215698,-0.477051,0.305300,0.045800,-0.106900
4340,-0.882812,0.217041,-0.475586,0.442700,0.000000,-0.183200
4360,-0.879517,0.222168,-0.482422,0.473300,-0.030500,-0.305300
4380,-0.879883,0.223633,-0.476440,0.442700,-0.076300,-0.305300
4400,-0.879272,0.226685,-0.478027,0.366400,-0.091600,-0.229000
4420,-0.883911,0.228638,-0.478516,0.305300,-0.274800,-0.183200
4440,-0.881958,0.226685,-0.482910,0.320600,-0.320600,-0.045800
4460,-0.879272,0.223511,-0.476685,0.473300,-0.259500,0.091600
4480,-0.877441,0.222534,-0.481934,0.458000,-0.091600,0.152700
4500,-0.878906,0.219727,-0.472412,0.458000,-0.061100,0.030500
4520,-0.879395,0.221436,-0.479858,0.183200,-0.244300,-0.137400
4540,-0.879639,0.220703,-0.487427,-0.106900,-0.458000,-0.122100
4560,-0.877808,0.224121,-0.489014,0.045800,-0.442700,-0.137400
4580,-0.876831,0.222412,-0.482178,0.259500,-0.320600,-0.045800
4600,-0.877930,0.222534,-0.479004,0.320600,-0.198500,-0.091600
4620,-0.880371,0.220215,-0.477661,0.351100,-0.183200,-0.091600
4640,-0.881592,0.221069,-0.479736,0.152700,-0.274800,-0.198500
4660,-0.877808,0.222168,-0.479614,-0.213700,-0.259500,-0.290100
4680,-0.876343,0.221069,-0.483032,-0.290100,-0.290100,-0.259500
4700,-0.881226,0.218140,-0.477539,-0.091600,-0.305300,-0.152700
4720,-0.879883,0.221802,-0.478394,0.106900,-0.244300,-0.274800
4740,-0.881226,0.221924,-0.475830,0.015300,-0.305300,-0.427500
4760,-0.881592,0.224365,-0.480225,-0.061100,-0.290100,-0.503800
4780,-0.875488,0.224487,-0.479980,-0.091600,-0.244300,-0.458000
4820,-0.881104,0.222534,-0.474487,-0.122100,-0.106900,-0.244300
4840,-0.880981,0.221558,-0.474731,0.091600,-0.198500,-0.183200
4860,-0.881226,0.221191,-0.479370,0.091600,-0.335900,-0.152700
4880,-0.879272,0.220337,-0.478516,-0.061100,-0.351100,-0.106900
4900,-0.881104,0.220215,-0.475586,-0.229000,-0.351100,-0.274800
4920,-0.881348,0.218750,-0.478027,-0.122100,-0.229000,-0.335900
4940,-0.878052,0.221436,-0.472290,-0.030500,-0.167900,-0.305300
4960,-0.880981,0.225464,-0.473145,0.091600,-0.335900,-0.183200
4980,-0.880249,0.221558,-0.477905,0.152700,-0.351100,-0.061100
5000,-0.879028,0.222656,-0.477173,0.152700,-0.351100,0.091600
5020,-0.877686,0.218994,-0.478516,0.167900,-0.305300,0.061100
5040,-0.879761,0.218628,-0.482422,0.259500,-0.290100,-0.076300
5060,-0.879883,0.219116,-0.474731,0.290100,-0.412200,-0.030500
5080,-0.882568,0.221069,-0.479858,0.335900,-0.244300,0.015300
5100,-0.879272,0.221191,-0.479736,0.427500,-0.290100,0.045800
5120,-0.880981,0.217773,-0.480347,0.381700,-0.290100,0.015300
5140,-0.879761,0.216675,-0.474487,0.396900,-0.335900,-0.015300
5160,-0.880737,0.218628,-0.482544,0.503800,-0.473300,-0.061100
5180,-0.883667,0.223511,-0.474731,0.427500,-0.442700,-0.137400
5200,-0.879272,0.223145,-0.477905,0.183200,-0.458000,-0.076300
5220,-0.878662,0.221069,-0.477783,-0.137400,-0.335900,0.076300
5240,-0.878784,0.222046,-0.479126,-0.351100,-0.320600,0.122100
5260,-0.880249,0.219604,-0.481567,-0.137400,-0.335900,0.152700
5280,-0.879150,0.222778,-0.480469,0.290100,-0.473300,-0.061100
5300,-0.881470,0.222534,-0.481567,0.519100,-0.519100,-0.045800
5320,-0.879395,0.219849,-0.479858,0.564900,-0.473300,-0.015300
5340,-0.878662,0.224487,-0.481812,0.473300,-0.381700,-0.030500
5360,-0.878296,0.228149,-0.478394,0.305300,-0.320600,-0.076300
5380,-0.878662,0.224121,-0.478149,0.045800,-0.335900,0.045800
5400,-0.879517,0.218018,-0.478760,0.000000,-0.335900,0.183200
5420,-0.880737,0.219482,-0.477173,0.106900,-0.412200,0.106900
5440,-0.879761,0.223877,-0.481812,0.030500,-0.458000,-0.152700
5460,-0.877808,0.222412,-0.481689,-0.106900,-0.519100,-0.290100
5480,-0.877075,0.222412,-0.477539,-0.183200,-0.381700,-0.213700
5500,-0.877930,0.223633,-0.477783,-0.198500,-0.412200,-0.167900
5520,-0.879883,0.227417,-0.469482,-0.122100,-0.396900,-0.167900
5540,-0.878296,0.228149,-0.472900,-0.274800,-0.427500,-0.152700
5560,-0.878784,0.223999,-0.474365,-0.396900,-0.534400,-0.015300
5580,-0.883057,0.221069,-0.481934,-0.320600,-0.641200,-0.030500
5600,-0.880981,0.223633,-0.482300,0.061100,-0.473300,0.015300
5620,-0.879028,0.219727,-0.476929,0.198500,-0.396900,0.000000
5640,-0.879150,0.221069,-0.473633,0.320600,-0.503800,0.030500
5660,-0.878052,0.224365,-0.474121,0.152700,-0.595400,-0.015300
5680,-0.877441,0.221069,-0.479370,0.000000,-0.580200,0.137400
5700,-0.881714,0.217407,-0.477783,0.122100,-0.610700,0.244300
5720,-0.878296,0.219116,-0.472778,0.030500,-0.732800,0.137400
5740,-0.881958,0.224854,-0.478394,-0.076300,-0.793900,-0.030500
5760,-0.881348,0.224609,-0.483521,-0.076300,-0.717600,-0.045800
5780,-0.881958,0.217896,-0.480591,0.137400,-0.458000,0.091600
5800,-0.881226,0.218750,-0.474976,0.290100,-0.229000,0.274800
5820,-0.884399,0.218872,-0.469971,0.442700,-0.259500,0.091600
5840,-0.879883,0.221680,-0.475830,0.503800,-0.458000,-0.183200
5860,-0.880737,0.228638,-0.476685,0.320600,-0.626000,-0.213700
5880,-0.880249,0.227051,-0.478516,-0.091600,-0.564900,0.045800
5900,-0.879883,0.220825,-0.474731,-0.122100,-0.412200,0.244300
5920,-0.880737,0.227295,-0.475342,-0.106900,-0.427500,0.229000
5940,-0.881836,0.226196,-0.473877,0.122100,-0.534400,0.106900
5960,-0.880127,0.226929,-0.479492,0.610700,-0.656500,-0.045800
5980,-0.879639,0.226562,-0.480225,0.687000,-0.717600,0.015300
6000,-0.879395,0.227295,-0.480835,0.626000,-0.458000,0.183200
6020,-0.880493,0.225830,-0.476562,0.473300,-0.259500,0.259500
6060,-0.879639,0.221436,-0.477417,0.580200,-0.381700,0.000000
6080,-0.878296,0.223022,-0.476074,0.503800,-0.412200,-0.106900
6120,-0.878540,0.226807,-0.479736,-0.015300,-0.473300,-0.015300
6140,-0.881226,0.224731,-0.474121,-0.458000,-0.473300,0.030500
6160,-0.882690,0.224243,-0.479126,-0.458000,-0.351100,-0.137400
6180,-0.882080,0.224976,-0.479004,-0.366400,-0.244300,-0.351100
6200,-0.878906,0.228516,-0.475586,-0.076300,-0.183200,-0.503800
6220,-0.880371,0.232300,-0.476440,0.030500,-0.167900,-0.473300
6240,-0.879883,0.232666,-0.467285,-0.167900,-0.244300,-0.305300
6260,-0.878540,0.227295,-0.472534,-0.366400,-0.320600,0.000000
6280,-0.884277,0.222900,-0.469482,-0.381700,-0.274800,0.045800
6300,-0.881714,0.222534,-0.472534,-0.061100,-0.274800,-0.167900
6320,-0.880127,0.224487,-0.471802,0.473300,-0.366400,-0.473300
6340,-0.880005,0.223633,-0.471313,0.656500,-0.244300,-0.519100
6360,-0.879761,0.228394,-0.471924,0.442700,-0.167900,-0.396900
6380,-0.882080,0.230103,-0.469482,0.045800,-0.091600,-0.137400
6400,-0.879517,0.224854,-0.472290,-0.213700,-0.076300,0.061100
6420,-0.881592,0.219604,-0.470215,-0.061100,-0.198500,0.076300
6440,-0.881470,0.217529,-0.472534,0.381700,-0.335900,-0.213700
6460,-0.882812,0.225586,-0.475464,0.656500,-0.305300,-0.396900
6480,-0.880249,0.228149,-0.471924,0.687000,-0.106900,-0.473300
6500,-0.881714,0.228516,-0.472412,0.473300,0.030500,-0.351100
6520,-0.879883,0.225830,-0.472900,0.213700,0.137400,-0.091600
6540,-0.883667,0.225830,-0.469971,0.244300,0.000000,0.076300
6560,-0.880249,0.218872,-0.473999,0.442700,-0.091600,0.015300
6580,-0.881226,0.222656,-0.475342,0.671800,-0.198500,-0.106900
6600,-0.880615,0.222900,-0.474121,0.626000,-0.137400,-0.213700
6640,-0.881226,0.221802,-0.474976,0.641200,0.045800,-0.122100
6660,-0.876343,0.224731,-0.477783,0.855000,0.122100,-0.229000
6680,-0.879761,0.223145,-0.475464,0.793900,0.076300,-0.259500
6700,-0.880615,0.220703,-0.475586,0.824400,0.045800,-0.167900
6720,-0.882080,0.221191,-0.481689,0.732800,0.091600,-0.229000
6740,-0.882202,0.222290,-0.482056,0.503800,0.106900,-0.259500
6760,-0.881592,0.219727,-0.477051,0.290100,0.137400,-0.259500
6780,-0.876465,0.221069,-0.475220,0.122100,0.122100,-0.351100
6800,-0.878906,0.223755,-0.478394,0.183200,-0.015300,-0.259500
6820,-0.883545,0.221313,-0.481934,0.000000,-0.106900,-0.290100
6840,-0.880981,0.222290,-0.485352,-0.320600,-0.091600,-0.305300
6860,-0.881226,0.224609,-0.483521,-0.366400,0.076300,-0.442700
6880,-0.878418,0.220215,-0.474487,0.335900,0.290100,-0.519100
6900,-0.878662,0.225342,-0.481567,0.412200,0.167900,-0.488500
6920,-0.879028,0.225586,-0.479614,0.122100,0.000000,-0.412200
6940,-0.878784,0.223022,-0.484375,-0.259500,-0.015300,-0.305300
6960,-0.881470,0.217041,-0.482300,-0.305300,0.015300,-0.183200
6980,-0.881104,0.220093,-0.481323,0.091600,0.030500,-0.259500
7000,-0.879028,0.220093,-0.477905,0.366400,0.061100,-0.366400
7020,-0.880493,0.220337,-0.479614,0.488500,0.045800,-0.412200
7040,-0.878296,0.218994,-0.479980,0.305300,-0.106900,-0.396900
7060,-0.877563,0.221191,-0.480347,0.106900,-0.198500,-0.305300
7080,-0.880737,0.217896,-0.476440,0.061100,-0.213700,-0.183200
7100,-0.881226,0.218872,-0.476318,0.076300,-0.122100,-0.259500
7120,-0.879761,0.217407,-0.478149,0.213700,-0.045800,-0.381700
7140,-0.879517,0.220093,-0.477783,0.488500,-0.076300,-0.488500
7160,-0.877563,0.221558,-0.481445,0.503800,-0.183200,-0.488500
7180,-0.880615,0.223389,-0.478027,0.427500,-0.183200,-0.351100
7200,-0.881104,0.221924,-0.477417,0.198500,-0.106900,-0.091600
7220,-0.881348,0.219238,-0.474854,-0.045800,-0.137400,-0.030500
7240,-0.880981,0.219116,-0.476318,0.030500,-0.229000,-0.091600
7260,-0.880127,0.218628,-0.481323,0.152700,-0.229000,-0.015300
7280,-0.880371,0.218262,-0.479980,0.198500,-0.167900,-0.045800
7300,-0.881592,0.221924,-0.479126,0.320600,-0.229000,-0.167900
7320,-0.882202,0.220947,-0.483276,0.244300,-0.244300,-0.259500
7340,-0.878662,0.221680,-0.480103,0.122100,-0.229000,-0.091600
7360,-0.881226,0.217651,-0.480225,0.229000,-0.152700,0.076300
7380,-0.877441,0.221802,-0.477417,0.473300,-0.152700,-0.076300
7400,-0.880005,0.220703,-0.480347,0.610700,-0.213700,-0.274800
7420,-0.878418,0.221802,-0.483154,0.488500,-0.244300,-0.381700
7440,-0.881592,0.223389,-0.477905,0.427500,-0.259500,-0.259500
7460,-0.878052,0.225708,-0.479736,0.274800,-0.259500,-0.152700
7480,-0.877075,0.223755,-0.478271,0.183200,-0.213700,0.045800
7500,-0.878174,0.221313,-0.482666,0.335900,-0.198500,-0.015300
7520,-0.879150,0.221069,-0.478882,0.305300,-0.320600,-0.061100
7540,-0.880737,0.225342,-0.483032,0.076300,-0.488500,-0.106900
7560,-0.882568,0.221191,-0.486084,-0.167900,-0.366400,0.015300
7580,-0.881470,0.219971,-0.482910,-0.152700,-0.259500,0.015300
7600,-0.880615,0.216919,-0.475342,0.076300,-0.290100,-0.061100
7620,-0.880249,0.222290,-0.477783,0.335900,-0.274800,-0.274800
7640,-0.878174,0.221558,-0.477905,0.274800,-0.290100,-0.335900
7660,-0.877075,0.220215,-0.484619,-0.091600,-0.274800,-0.152700
7680,-0.877197,0.217529,-0.481812,-0.702300,-0.198500,0.045800
7700,-0.883789,0.215942,-0.479004,-0.824400,-0.152700,0.045800
7720,-0.880859,0.219849,-0.476685,-0.580200,-0.106900,-0.290100
7740,-0.878296,0.222168,-0.475708,-0.137400,-0.198500,-0.610700
7760,-0.878052,0.230347,-0.478271,0.106900,-0.381700,-0.626000
7780,-0.876465,0.229980,-0.483276,-0.015300,-0.610700,-0.412200
7800,-0.875488,0.225952,-0.481567,-0.122100,-0.595400,-0.015300
7820,-0.881470,0.221191,-0.479980,-0.167900,-0.412200,0.244300
7840,-0.882568,0.221191,-0.479614,-0.015300,-0.274800,0.122100
7860,-0.877686,0.223022,-0.476929,0.213700,-0.213700,-0.045800
7880,-0.877319,0.219849,-0.478271,0.671800,-0.290100,-0.106900
7900,-0.879028,0.223389,-0.478149,0.931300,-0.427500,-0.091600
7920,-0.878052,0.222656,-0.478394,0.610700,-0.564900,-0.076300
7940,-0.880249,0.219727,-0.481445,0.000000,-0.549600,0.122100
7960,-0.881714,0.216797,-0.481689,-0.122100,-0.427500,0.229000
7980,-0.879272,0.214844,-0.478516,0.305300,-0.396900,0.061100
8000,-0.882812,0.218262,-0.481934,0.702300,-0.381700,-0.198500
8020,-0.880493,0.221802,-0.477539,0.855000,-0.335900,-0.412200
8040,-0.882202,0.225464,-0.475830,0.748100,-0.442700,-0.412200
8060,-0.880249,0.228882,-0.477173,0.320600,-0.396900,-0.213700
8080,-0.879028,0.220459,-0.477173,0.061100,-0.229000,0.122100
8100,-0.879272,0.217041,-0.473267,0.381700,-0.274800,0.061100
8120,-0.883423,0.219116,-0.479370,0.305300,-0.381700,-0.183200
8140,-0.877319,0.221924,-0.478271,0.015300,-0.458000,-0.320600
8160,-0.879761,0.225098,-0.474609,-0.320600,-0.305300,-0.259500
8180,-0.879395,0.227539,-0.479248,-0.274800,-0.244300,-0.152700
8200,-0.880005,0.227905,-0.474976,-0.045800,-0.274800,-0.045800
8220,-0.881348,0.225098,-0.476318,0.244300,-0.396900,-0.076300
8240,-0.877686,0.220825,-0.485352,0.183200,-0.473300,0.015300
8260,-0.883179,0.221802,-0.478882,-0.152700,-0.351100,0.122100
8280,-0.879761,0.219238,-0.476440,-0.381700,-0.198500,0.167900
8300,-0.881958,0.215332,-0.484497,-0.198500,-0.167900,0.015300
8320,-0.876221,0.221802,-0.474976,0.305300,-0.259500,-0.122100
8340,-0.879150,0.219360,-0.476318,0.503800,-0.396900,-0.351100
8360,-0.879028,0.225708,-0.481689,0.458000,-0.503800,-0.396900
8380,-0.879395,0.225342,-0.481201,0.274800,-0.412200,-0.198500
8400,-0.880249,0.222900,-0.475952,-0.183200,-0.244300,0.015300
8420,-0.878052,0.220337,-0.472656,-0.244300,-0.229000,0.167900
8440,-0.879639,0.220581,-0.480103,0.015300,-0.290100,0.076300
8460,-0.881226,0.222656,-0.478394,0.335900,-0.381700,-0.076300
8480,-0.880981,0.223755,-0.482422,0.564900,-0.488500,-0.198500
8500,-0.879761,0.220947,-0.477661,0.503800,-0.396900,-0.091600
8520,-0.879761,0.222778,-0.480957,0.152700,-0.320600,0.000000
8540,-0.883667,0.222412,-0.481323,-0.183200,-0.229000,0.030500
8800,-0.880249,0.223755,-0.483032,-0.045800,-0.229000,-0.213700
8820,-0.880005,0.222534,-0.481201,-0.244300,-0.106900,-0.061100
8840,-0.878052,0.225464,-0.477173,-0.152700,-0.106900,-0.045800
8860,-0.881714,0.224609,-0.478394,-0.030500,-0.229000,-0.106900
8880,-0.879761,0.220947,-0.474243,0.137400,-0.427500,-0.167900
8900,-0.880981,0.224365,-0.478149,0.320600,-0.503800,-0.213700
8920,-0.878052,0.227417,-0.480713,0.412200,-0.427500,-0.152700
8940,-0.876831,0.225342,-0.477295,0.259500,-0.320600,-0.015300
8960,-0.880615,0.219849,-0.473267,0.213700,-0.244300,0.091600
8980,-0.883545,0.221924,-0.475952,0.244300,-0.320600,0.137400
9000,-0.879395,0.220825,-0.478638,0.381700,-0.335900,0.015300
9020,-0.882812,0.218262,-0.477295,0.305300,-0.320600,-0.122100
9040,-0.881348,0.216919,-0.476074,0.274800,-0.259500,-0.137400
9060,-0.881226,0.219727,-0.476318,0.320600,-0.274800,-0.183200
9080,-0.878418,0.223511,-0.479614,0.290100,-0.259500,-0.229000
9100,-0.880127,0.223145,-0.478638,0.091600,-0.274800,-0.183200
9120,-0.880005,0.222412,-0.475830,-0.106900,-0.198500,-0.137400
9140,-0.878540,0.218506,-0.473755,-0.091600,-0.091600,-0.106900
9160,-0.878296,0.219604,-0.472534,-0.015300,-0.076300,-0.167900
9180,-0.880615,0.222290,-0.477905,0.244300,-0.137400,-0.213700
9200,-0.878052,0.222656,-0.477417,0.320600,-0.229000,-0.259500
9220,-0.883545,0.224365,-0.474487,0.030500,-0.320600,-0.229000
9240,-0.880371,0.224731,-0.481323,-0.045800,-0.396900,-0.183200
9260,-0.879028,0.220093,-0.479980,0.000000,-0.167900,-0.122100
9280,-0.881348,0.222534,-0.477417,0.000000,-0.152700,-0.122100
9300,-0.877441,0.221924,-0.477417,0.137400,-0.137400,-0.152700
9320,-0.878418,0.221802,-0.479858,0.137400,-0.335900,-0.198500
9340,-0.881714,0.221069,-0.481201,0.061100,-0.305300,-0.244300
9360,-0.877563,0.221313,-0.480835,0.167900,-0.259500,-0.198500
9380,-0.878662,0.219727,-0.480469,0.259500,-0.198500,-0.290100
9400,-0.882690,0.220703,-0.476440,0.290100,-0.122100,-0.290100
9420,-0.880493,0.222656,-0.477295,0.137400,-0.137400,-0.381700
9440,-0.876953,0.224365,-0.481567,0.137400,-0.137400,-0.305300
9460,-0.879883,0.223999,-0.482422,0.061100,-0.061100,-0.290100
9480,-0.880127,0.225220,-0.479858,0.106900,-0.122100,-0.290100
9500,-0.877930,0.225220,-0.477295,0.076300,-0.305300,-0.259500
9520,-0.879639,0.221069,-0.474243,0.259500,-0.320600,-0.244300
9540,-0.880371,0.223999,-0.475464,0.290100,-0.381700,-0.213700
9560,-0.879761,0.223145,-0.477661,0.305300,-0.335900,-0.137400
9580,-0.878296,0.222534,-0.474487,0.442700,-0.198500,0.000000
9600,-0.881958,0.219849,-0.476074,0.458000,-0.152700,-0.061100
9620,-0.880737,0.215576,-0.475708,0.488500,-0.244300,-0.045800
9640,-0.878662,0.221313,-0.479492,0.366400,-0.274800,-0.137400
9660,-0.883545,0.216675,-0.475952,0.076300,-0.290100,-0.137400
9680,-0.881958,0.214233,-0.480347,-0.122100,-0.183200,-0.122100
9700,-0.880981,0.215942,-0.481323,-0.076300,-0.122100,-0.198500
9720,-0.884644,0.217651,-0.479614,-0.030500,-0.061100,-0.351100
9740,-0.881958,0.220337,-0.478394,0.183200,-0.106900,-0.427500
9760,-0.880981,0.223877,-0.479492,0.259500,-0.106900,-0.381700
9780,-0.879639,0.221313,-0.475342,0.076300,-0.076300,-0.213700
9800,-0.881104,0.219238,-0.478760,-0.152700,0.015300,-0.198500
9820,-0.880127,0.223877,-0.478394,-0.412200,0.045800,-0.244300
9840,-0.881836,0.221802,-0.480835,-0.427500,-0.122100,-0.335900
9860,-0.878662,0.225586,-0.478394,-0.030500,-0.213700,-0.335900
9880,-0.875610,0.225342,-0.478638,0.442700,-0.290100,-0.229000
9900,-0.876953,0.225220,-0.477539,0.519100,-0.274800,-0.015300
9920,-0.878540,0.223877,-0.479248,0.488500,-0.244300,0.076300
9940,-0.880859,0.221313,-0.481689,0.320600,-0.229000,0.137400
9960,-0.880859,0.216553,-0.483765,0.152700,-0.335900,0.106900
9980,-0.881348,0.218018,-0.480957,-0.076300,-0.198500,-0.045800
10000,-0.879395,0.217651,-0.481445,0.198500,-0.091600,-0.152700
10020,-0.878540,0.221069,-0.474365,0.305300,-0.152700,-0.290100
10040,-0.881470,0.222412,-0.476929,0.259500,-0.274800,-0.381700
10060,-0.879639,0.222412,-0.479492,-0.015300,-0.335900,-0.412200
10080,-0.879761,0.222168,-0.480713,-0.290100,-0.213700,-0.290100
10100,-0.879028,0.223267,-0.483276,-0.320600,-0.091600,-0.259500
10120,-0.877197,0.226562,-0.475586,-0.152700,-0.061100,-0.198500
10140,-0.878418,0.223633,-0.474976,0.015300,-0.122100,-0.183200
10160,-0.880493,0.225220,-0.478149,0.244300,-0.290100,-0.076300
10180,-0.876709,0.224854,-0.479858,0.335900,-0.381700,-0.015300
10200,-0.877197,0.219604,-0.483765,0.320600,-0.488500,0.045800
10220,-0.879761,0.217163,-0.481201,0.259500,-0.396900,0.091600
10240,-0.881226,0.215576,-0.477539,0.229000,-0.366400,-0.015300
10260,-0.880371,0.222290,-0.481689,0.106900,-0.335900,-0.152700
10280,-0.881470,0.218994,-0.485474,0.198500,-0.229000,-0.259500
10300,-0.876953,0.218018,-0.483887,0.229000,-0.213700,-0.152700
10320,-0.875244,0.217529,-0.479614,0.183200,-0.137400,-0.061100
10340,-0.879639,0.217041,-0.476074,0.045800,-0.213700,-0.061100
10360,-0.882080,0.219116,-0.478394,-0.015300,-0.290100,-0.167900
10380,-0.886475,0.219482,-0.484131,-0.152700,-0.305300,-0.244300
10400,-0.880005,0.220703,-0.475342,-0.091600,-0.274800,-0.244300
10420,-0.880249,0.222778,-0.479736,0.091600,-0.183200,-0.229000
10440,-0.878296,0.222778,-0.476685,0.152700,-0.137400,-0.274800
10460,-0.881592,0.224976,-0.477905,0.366400,-0.244300,-0.290100
10480,-0.881714,0.222900,-0.480713,0.152700,-0.473300,-0.137400
10500,-0.880859,0.222168,-0.481445,-0.137400,-0.458000,0.045800
10520,-0.876709,0.223389,-0.481079,0.091600,-0.427500,0.183200
10540,-0.881714,0.220093,-0.482666,0.961800,-0.259500,0.000000
10560,-0.880371,0.218384,-0.480347,0.900800,-0.320600,-0.030500
10580,-0.880615,0.220947,-0.479614,0.656500,-0.320600,-0.061100
10600,-0.878784,0.220459,-0.482544,0.320600,-0.305300,-0.122100
10620,-0.875488,0.221313,-0.481812,0.274800,-0.305300,-0.122100
10640,-0.875610,0.219116,-0.480347,0.381700,-0.320600,-0.061100
10660,-0.877319,0.221558,-0.479126,0.473300,-0.412200,-0.091600
10680,-0.881470,0.221313,-0.480469,0.229000,-0.290100,-0.122100
10700,-0.879883,0.222778,-0.482666,0.076300,-0.183200,-0.152700
10720,-0.876343,0.220093,-0.479980,0.106900,-0.137400,-0.167900
10740,-0.880127,0.222290,-0.469360,0.045800,-0.167900,-0.106900
10760,-0.879883,0.227295,-0.473022,-0.061100,-0.335900,-0.030500
10780,-0.881226,0.221191,-0.476562,-0.076300,-0.458000,-0.030500
10800,-0.878784,0.223267,-0.484253,0.167900,-0.427500,-0.106900
10820,-0.878296,0.218384,-0.483643,0.335900,-0.396900,-0.137400
10840,-0.879517,0.219238,-0.479126,0.305300,-0.396900,-0.030500
10860,-0.877808,0.222412,-0.481934,0.213700,-0.351100,-0.015300
10880,-0.880981,0.224487,-0.482178,0.000000,-0.290100,0.030500
10920,-0.882080,0.216309,-0.478149,-0.030500,-0.274800,-0.015300
10940,-0.880493,0.216919,-0.484253,0.152700,-0.259500,-0.045800
10960,-0.880615,0.218872,-0.478027,0.122100,-0.274800,-0.137400
10980,-0.879272,0.220337,-0.481445,0.061100,-0.290100,-0.335900
11000,-0.878662,0.225830,-0.475098,0.091600,-0.366400,-0.351100
11020,-0.879395,0.223755,-0.475708,0.106900,-0.274800,-0.213700
11040,-0.882202,0.227173,-0.476074,0.030500,-0.335900,-0.076300
11060,-0.878784,0.220825,-0.477661,-0.061100,-0.381700,0.076300
11080,-0.875854,0.215820,-0.475464,-0.015300,-0.351100,0.122100
11100,-0.879150,0.222900,-0.479126,0.259500,-0.366400,-0.030500
11120,-0.882935,0.225342,-0.482056,0.335900,-0.396900,-0.244300
11140,-0.881836,0.224365,-0.485718,0.076300,-0.335900,-0.152700
11160,-0.879883,0.222290,-0.477539,-0.091600,-0.335900,0.091600
11180,-0.880005,0.222412,-0.484375,0.030500,-0.396900,0.167900
11200,-0.878174,0.220093,-0.483154,0.290100,-0.488500,0.015300
11220,-0.878174,0.215942,-0.475342,0.626000,-0.396900,-0.152700
11240,-0.880249,0.220825,-0.483398,0.610700,-0.412200,-0.213700
11260,-0.880127,0.222412,-0.481934,0.473300,-0.396900,-0.274800
11280,-0.876953,0.221558,-0.480835,0.274800,-0.259500,-0.122100
11300,-0.881104,0.218750,-0.477417,0.152700,-0.045800,0.015300
11320,-0.881714,0.221313,-0.473022,0.198500,-0.137400,-0.106900
11340,-0.880981,0.220703,-0.474243,0.045800,-0.381700,-0.335900
11360,-0.881836,0.223633,-0.479248,-0.167900,-0.534400,-0.381700
11380,-0.877563,0.224365,-0.480469,-0.229000,-0.442700,-0.366400
11400,-0.877686,0.224854,-0.478638,-0.244300,-0.274800,-0.229000
11420,-0.880371,0.222656,-0.475586,-0.259500,-0.045800,-0.106900
11440,-0.880493,0.224731,-0.472290,-0.244300,0.000000,-0.091600
11460,-0.877808,0.224976,-0.476807,-0.061100,-0.259500,-0.183200
11480,-0.879028,0.223389,-0.483032,0.152700,-0.366400,-0.167900
11500,-0.881348,0.224609,-0.480957,0.259500,-0.488500,-0.122100
11520,-0.880127,0.222046,-0.482178,0.351100,-0.442700,-0.152700
11540,-0.879883,0.222778,-0.473145,0.290100,-0.305300,-0.076300
11560,-0.880005,0.219360,-0.476685,0.137400,-0.183200,-0.091600
11580,-0.882690,0.221069,-0.479980,0.106900,-0.244300,-0.061100
11600,-0.877686,0.221558,-0.482910,0.305300,-0.290100,-0.152700
11620,-0.882080,0.218506,-0.483398,0.488500,-0.335900,-0.106900
11640,-0.882080,0.224487,-0.477051,0.519100,-0.290100,-0.137400
11660,-0.877441,0.223145,-0.476074,0.366400,-0.259500,-0.229000
11680,-0.883423,0.220825,-0.479370,0.213700,-0.244300,-0.183200
11700,-0.881714,0.220093,-0.482300,-0.015300,-0.259500,-0.122100
11720,-0.878662,0.218994,-0.482056,0.091600,-0.274800,-0.106900
11740,-0.878540,0.219604,-0.479614,0.259500,-0.137400,-0.106900
11760,-0.883179,0.222656,-0.471558,0.305300,-0.167900,-0.198500
11780,-0.878662,0.222290,-0.478638,-0.015300,-0.335900,-0.198500
11800,-0.879761,0.223999,-0.483276,-0.183200,-0.396900,-0.045800
11820,-0.879150,0.220581,-0.477417,-0.152700,-0.320600,-0.015300
11840,-0.879395,0.222534,-0.478882,0.427500,-0.335900,-0.122100
11860,-0.880859,0.223022,-0.476440,0.626000,-0.351100,-0.198500
11880,-0.879028,0.221191,-0.479614,0.503800,-0.320600,-0.076300
11900,-0.879028,0.214844,-0.479492,0.320600,-0.305300,0.015300
11920,-0.881958,0.219360,-0.480957,0.213700,-0.183200,0.015300
11940,-0.877075,0.220459,-0.477539,0.335900,-0.061100,-0.183200
11960,-0.876709,0.219849,-0.479004,0.763400,-0.137400,-0.412200
11980,-0.875000,0.222900,-0.477051,0.717600,-0.305300,-0.412200
12000,-0.880371,0.220215,-0.482910,0.259500,-0.320600,-0.183200
12020,-0.879272,0.222412,-0.480835,-0.137400,-0.229000,-0.076300
12040,-0.878662,0.219727,-0.481445,-0.183200,-0.137400,-0.137400
12060,-0.879028,0.222290,-0.477539,-0.030500,-0.061100,-0.183200
12080,-0.880127,0.220093,-0.474365,0.091600,-0.137400,-0.305300
12100,-0.878784,0.226196,-0.480957,0.320600,-0.213700,-0.213700
12120,-0.880493,0.223267,-0.477051,0.305300,-0.335900,-0.198500
12140,-0.880981,0.220337,-0.483154,0.320600,-0.290100,-0.061100
12160,-0.877808,0.218506,-0.479980,0.259500,-0.229000,0.030500
12180,-0.880005,0.219238,-0.485474,0.198500,-0.229000,-0.045800
12200,-0.878662,0.216431,-0.481812,0.122100,-0.213700,-0.137400
12220,-0.880981,0.218018,-0.480713,0.137400,-0.167900,-0.274800
12240,-0.879883,0.219360,-0.481812,0.259500,-0.229000,-0.381700
12260,-0.881104,0.222778,-0.482666,0.290100,-0.198500,-0.366400
12280,-0.878906,0.220459,-0.479736,0.198500,-0.106900,-0.274800
12300,-0.878906,0.221558,-0.482056,-0.061100,-0.061100,-0.137400
12320,-0.880005,0.219116,-0.479248,-0.076300,-0.167900,-0.152700
12340,-0.879272,0.219360,-0.478638,0.015300,-0.213700,-0.244300
12360,-0.879150,0.222778,-0.480713,0.213700,-0.244300,-0.412200
12380,-0.880493,0.223511,-0.481323,0.213700,-0.167900,-0.396900
12400,-0.881348,0.226074,-0.479858,0.259500,-0.030500,-0.274800
12420,-0.879761,0.224976,-0.480957,0.122100,-0.106900,-0.198500
12440,-0.878174,0.221191,-0.479858,0.198500,-0.213700,-0.106900
12460,-0.879761,0.218140,-0.480957,0.213700,-0.183200,-0.061100
12480,-0.880371,0.218140,-0.479126,0.076300,-0.229000,-0.091600
12560,-0.878906,0.218750,-0.479614,0.549600,-0.167900,-0.045800
12620,-0.878296,0.221069,-0.481323,0.687000,-0.244300,-0.183200
12640,-0.881714,0.220215,-0.486206,0.580200,-0.213700,-0.091600
12680,-0.878418,0.215576,-0.482544,0.091600,-0.061100,-0.045800
12700,-0.881470,0.216431,-0.482300,0.045800,0.000000,-0.213700
12720,-0.879517,0.220703,-0.479858,0.229000,0.030500,-0.488500
12740,-0.880737,0.222168,-0.477173,0.259500,-0.061100,-0.549600
12760,-0.879761,0.224976,-0.475708,0.259500,-0.076300,-0.396900
12780,-0.878418,0.227051,-0.480347,0.106900,-0.137400,-0.198500
12800,-0.879150,0.224976,-0.488403,0.000000,-0.198500,0.000000
12820,-0.879883,0.215942,-0.481079,0.000000,-0.152700,0.198500
12840,-0.881592,0.218506,-0.480591,-0.015300,-0.137400,0.167900
12860,-0.875488,0.213501,-0.480591,-0.030500,-0.167900,0.061100
12880,-0.877441,0.216553,-0.485107,0.213700,-0.137400,-0.167900
12900,-0.880493,0.222046,-0.482910,0.305300,-0.076300,-0.213700
12920,-0.882202,0.224487,-0.485474,0.458000,0.076300,-0.229000
12940,-0.878662,0.225220,-0.480225,0.396900,0.244300,0.030500
12960,-0.883057,0.218018,-0.480957,0.091600,0.259500,0.290100
12980,-0.879395,0.214844,-0.473877,-0.381700,0.045800,0.244300
13000,-0.876831,0.217041,-0.477905,-0.351100,-0.274800,-0.076300
13020,-0.882446,0.223267,-0.482788,0.259500,-0.473300,-0.427500
13040,-0.875732,0.223022,-0.486206,0.381700,-0.519100,-0.137400
13060,-0.878174,0.223999,-0.481567,0.259500,-0.427500,0.076300
13080,-0.880493,0.221436,-0.484131,0.213700,-0.259500,0.091600
13100,-0.879395,0.221680,-0.484985,0.152700,-0.137400,-0.030500
13120,-0.879028,0.218262,-0.484863,0.305300,-0.106900,0.061100
13140,-0.876709,0.221313,-0.484741,0.396900,-0.229000,0.122100
13160,-0.875244,0.218140,-0.485718,0.564900,-0.396900,0.122100
13180,-0.878052,0.220093,-0.481812,0.549600,-0.610700,0.106900
13200,-0.880615,0.219238,-0.486938,0.244300,-0.610700,0.000000
13220,-0.879028,0.219238,-0.483887,0.091600,-0.473300,-0.030500
13240,-0.879761,0.218018,-0.481079,0.229000,-0.351100,-0.045800
13260,-0.879883,0.218262,-0.486084,0.564900,-0.274800,-0.183200
13280,-0.876709,0.223877,-0.478760,0.671800,-0.259500,-0.290100
13300,-0.879395,0.224365,-0.484741,0.473300,-0.229000,-0.198500
13320,-0.881348,0.223145,-0.478394,0.000000,-0.335900,-0.091600
13340,-0.879395,0.220215,-0.478516,-0.427500,-0.381700,-0.015300
13360,-0.880371,0.219482,-0.481323,-0.381700,-0.458000,-0.030500
13380,-0.880737,0.223511,-0.480225,-0.076300,-0.412200,-0.244300
13400,-0.881226,0.222778,-0.480347,0.198500,-0.396900,-0.305300
13420,-0.882202,0.227051,-0.479614,0.259500,-0.396900,-0.183200
13440,-0.877808,0.225586,-0.474731,0.213700,-0.320600,-0.122100
13460,-0.876831,0.220093,-0.479248,-0.030500,-0.305300,0.015300
13480,-0.880371,0.219238,-0.478516,-0.076300,-0.381700,0.122100
13500,-0.880493,0.216675,-0.481323,-0.015300,-0.473300,-0.015300
13520,-0.881592,0.219849,-0.483154,0.076300,-0.381700,-0.229000
13540,-0.880493,0.221191,-0.481812,0.198500,-0.305300,-0.244300
13560,-0.878906,0.219360,-0.481323,0.442700,-0.305300,-0.137400
13580,-0.878540,0.221924,-0.477173,0.381700,-0.396900,-0.152700
13600,-0.880981,0.224365,-0.480347,0.198500,-0.488500,-0.183200
13620,-0.880005,0.219116,-0.482788,0.091600,-0.427500,-0.045800
13640,-0.877563,0.222046,-0.482422,-0.045800,-0.290100,0.030500
13660,-0.879028,0.219482,-0.482422,0.061100,-0.229000,0.000000
13680,-0.879150,0.221680,-0.481445,0.351100,-0.244300,-0.091600
13700,-0.876587,0.222900,-0.482178,0.610700,-0.320600,-0.213700
13720,-0.878662,0.222656,-0.481323,0.595400,-0.366400,-0.244300
13740,-0.878540,0.222168,-0.482666,0.351100,-0.366400,-0.106900
13760,-0.881836,0.224609,-0.482910,0.198500,-0.290100,-0.045800
13780,-0.880859,0.222778,-0.479004,0.259500,-0.274800,0.015300
13800,-0.878052,0.219238,-0.478394,0.167900,-0.305300,0.106900
13820,-0.879639,0.221924,-0.483398,0.030500,-0.381700,0.137400
13840,-0.877563,0.220825,-0.483032,0.183200,-0.488500,0.076300
13860,-0.879272,0.222534,-0.485474,0.274800,-0.488500,-0.076300
13880,-0.881104,0.217773,-0.489990,0.351100,-0.412200,-0.076300
13900,-0.878174,0.218018,-0.483521,0.503800,-0.290100,-0.061100
13920,-0.879761,0.218262,-0.484131,0.641200,-0.167900,-0.045800
13940,-0.882568,0.221069,-0.483032,0.335900,-0.137400,-0.198500
13960,-0.879150,0.221680,-0.484253,-0.015300,-0.091600,-0.320600
13980,-0.877808,0.224609,-0.479980,-0.152700,-0.274800,-0.244300
14000,-0.877930,0.221191,-0.482666,-0.122100,-0.396900,-0.061100
14020,-0.876587,0.219727,-0.482422,0.000000,-0.381700,-0.061100
14040,-0.881470,0.223511,-0.477417,0.244300,-0.335900,-0.320600
14060,-0.879150,0.226440,-0.481079,0.259500,-0.320600,-0.442700
14080,-0.876343,0.226196,-0.488892,0.015300,-0.274800,-0.290100
14100,-0.878052,0.225708,-0.484253,-0.183200,-0.152700,0.183200
14120,-0.879517,0.219116,-0.481079,-0.061100,-0.229000,0.305300
14140,-0.878662,0.216431,-0.476318,0.244300,-0.335900,0.091600
14160,-0.880493,0.214722,-0.482300,0.381700,-0.503800,-0.213700
14180,-0.881226,0.222168,-0.483521,0.213700,-0.503800,-0.427500
14220,-0.877075,0.223145,-0.487305,-0.122100,-0.183200,-0.198500
14240,-0.878296,0.222656,-0.482666,0.122100,-0.106900,-0.106900
14260,-0.878174,0.221436,-0.473999,0.122100,-0.244300,-0.198500
14280,-0.881104,0.222900,-0.479858,0.030500,-0.290100,-0.274800
14300,-0.879883,0.224976,-0.480957,0.030500,-0.320600,-0.381700
14320,-0.878052,0.221558,-0.479248,0.030500,-0.320600,-0.381700
14340,-0.877075,0.223145,-0.480591,0.290100,-0.259500,-0.274800
14360,-0.878662,0.222656,-0.480103,0.442700,-0.259500,-0.152700
14380,-0.877319,0.222656,-0.482788,0.244300,-0.244300,-0.122100
14400,-0.878540,0.221436,-0.477783,0.045800,-0.244300,-0.061100
14420,-0.879761,0.220459,-0.481934,-0.045800,-0.198500,-0.091600
14440,-0.874512,0.219604,-0.483154,0.167900,-0.259500,-0.122100
14460,-0.877441,0.219849,-0.480225,0.229000,-0.259500,-0.137400
14480,-0.879028,0.219727,-0.482300,0.076300,-0.183200,-0.106900
14500,-0.878296,0.223633,-0.485718,0.183200,-0.198500,-0.229000
14520,-0.877930,0.218018,-0.483398,0.320600,-0.213700,-0.137400
14540,-0.880371,0.218140,-0.474121,0.320600,-0.198500,-0.076300
14560,-0.881592,0.219971,-0.474731,0.366400,-0.290100,-0.122100
14580,-0.881104,0.224121,-0.481934,0.229000,-0.381700,-0.351100
14600,-0.881714,0.221558,-0.485840,0.152700,-0.366400,-0.351100
14620,-0.877441,0.220337,-0.484375,0.229000,-0.290100,-0.229000
14640,-0.875854,0.220825,-0.477539,0.503800,-0.137400,-0.106900
14660,-0.878174,0.225220,-0.475098,0.564900,-0.152700,-0.106900
14680,-0.878052,0.219604,-0.474976,0.244300,-0.198500,-0.198500
14700,-0.876587,0.220459,-0.480225,-0.061100,-0.335900,-0.244300
14720,-0.877930,0.224487,-0.483276,-0.137400,-0.381700,-0.183200
14740,-0.881104,0.222778,-0.478882,0.045800,-0.381700,-0.152700
14760,-0.875977,0.223511,-0.477783,0.290100,-0.229000,-0.106900
14780,-0.879639,0.219849,-0.477905,0.519100,-0.259500,-0.244300
14800,-0.877197,0.226440,-0.475952,0.488500,-0.366400,-0.106900
14820,-0.877197,0.218750,-0.482056,0.290100,-0.320600,0.030500
14840,-0.880371,0.218750,-0.484131,0.045800,-0.274800,0.106900
14860,-0.882568,0.215210,-0.477539,0.061100,-0.229000,-0.045800
14880,-0.880371,0.220215,-0.484009,0.183200,-0.290100,-0.259500
14900,-0.878296,0.219116,-0.484375,0.412200,-0.305300,-0.320600
14920,-0.873657,0.219604,-0.484009,0.458000,-0.320600,-0.274800
14940,-0.879883,0.221558,-0.475830,0.305300,-0.320600,-0.137400
14960,-0.878418,0.223511,-0.481201,0.122100,-0.244300,-0.198500
14980,-0.880493,0.220093,-0.479370,0.076300,-0.335900,-0.198500
15000,-0.878662,0.220825,-0.481445,0.106900,-0.366400,-0.167900
15020,-0.880493,0.221313,-0.483276,0.122100,-0.290100,-0.015300
15040,-0.878906,0.218018,-0.483643,0.122100,-0.152700,0.045800
15060,-0.879883,0.220093,-0.478638,0.061100,-0.137400,-0.152700
15080,-0.877441,0.220215,-0.478271,0.015300,-0.244300,-0.274800
15100,-0.875732,0.222778,-0.480713,0.061100,-0.412200,-0.320600
15120,-0.881104,0.222778,-0.481079,0.122100,-0.427500,-0.229000
15140,-0.881592,0.224731,-0.479736,-0.045800,-0.091600,-0.030500
15160,-0.879517,0.218506,-0.480835,-0.122100,-0.045800,-0.045800
15180,-0.876953,0.220703,-0.479736,0.152700,-0.274800,-0.122100
15200,-0.878174,0.219482,-0.481934,0.290100,-0.396900,-0.045800
15220,-0.883423,0.221069,-0.481201,0.305300,-0.351100,-0.106900
15240,-0.878784,0.221558,-0.480469,0.427500,-0.274800,-0.076300
15260,-0.879272,0.221802,-0.483154,0.351100,-0.305300,-0.167900
15280,-0.879883,0.218872,-0.481201,0.244300,-0.351100,-0.198500
15300,-0.878296,0.220215,-0.484619,0.290100,-0.335900,-0.106900
15320,-0.881104,0.221924,-0.479614,0.519100,-0.458000,-0.213700
15340,-0.880615,0.223999,-0.481812,0.503800,-0.412200,-0.290100
15360,-0.882446,0.225464,-0.487183,0.091600,-0.351100,-0.213700
15380,-0.880005,0.218506,-0.486450,-0.122100,-0.213700,-0.015300
15400,-0.879517,0.217285,-0.480713,-0.198500,-0.152700,0.015300
15420,-0.880127,0.220947,-0.476562,-0.152700,-0.076300,-0.061100
15440,-0.880371,0.221069,-0.479248,0.213700,-0.274800,-0.274800
15460,-0.880371,0.222534,-0.478638,0.473300,-0.549600,-0.396900
15480,-0.881226,0.223145,-0.482788,0.244300,-0.412200,-0.122100
15500,-0.877197,0.219116,-0.483643,0.030500,-0.244300,0.091600
15520,-0.880859,0.217529,-0.485229,-0.030500,-0.091600,0.137400
15540,-0.882080,0.221436,-0.479492,0.076300,-0.122100,-0.061100
15560,-0.879272,0.216309,-0.482300,0.244300,-0.290100,-0.229000
15580,-0.877563,0.219971,-0.483398,0.412200,-0.335900,-0.259500
15600,-0.878540,0.219238,-0.481445,0.396900,-0.305300,-0.351100
15620,-0.878174,0.220459,-0.482422,0.137400,-0.259500,-0.335900
15640,-0.882324,0.222656,-0.481201,-0.091600,-0.259500,-0.244300
15660,-0.879272,0.223022,-0.484741,-0.274800,-0.167900,-0.198500
15680,-0.879028,0.219604,-0.478027,-0.167900,-0.167900,-0.290100
15700,-0.879639,0.218018,-0.482788,0.000000,-0.183200,-0.259500
15720,-0.879150,0.218872,-0.483521,0.167900,-0.274800,-0.259500
15740,-0.879517,0.224609,-0.480713,0.274800,-0.305300,-0.244300
15760,-0.881714,0.221069,-0.483521,0.290100,-0.244300,-0.137400
15780,-0.877808,0.217651,-0.481323,0.290100,-0.167900,-0.137400
15800,-0.880005,0.221069,-0.478760,0.061100,-0.106900,-0.167900
15820,-0.879517,0.222168,-0.482056,0.000000,-0.198500,-0.198500
15840,-0.879761,0.220093,-0.483154,0.290100,-0.351100,-0.244300
15860,-0.880493,0.221680,-0.478394,0.488500,-0.412200,-0.290100
15880,-0.881348,0.219238,-0.481201,0.564900,-0.366400,-0.122100
15900,-0.881714,0.219482,-0.482788,0.671800,-0.290100,-0.045800
15920,-0.878296,0.220703,-0.483887,0.610700,-0.183200,-0.106900
15940,-0.873535,0.217529,-0.482300,0.458000,-0.076300,-0.106900
15960,-0.877197,0.219971,-0.477051,0.519100,-0.152700,-0.106900
15980,-0.880371,0.221802,-0.478760,0.580200,-0.213700,-0.152700
16000,-0.879517,0.219238,-0.484253,0.473300,-0.274800,-0.229000
16020,-0.882568,0.217285,-0.486694,0.396900,-0.183200,-0.244300
16040,-0.881470,0.217285,-0.484375,0.458000,-0.137400,-0.366400
16060,-0.877563,0.224243,-0.484131,0.610700,-0.213700,-0.488500
16080,-0.878540,0.223633,-0.484253,0.610700,-0.213700,-0.320600
16100,-0.881348,0.222656,-0.479248,0.519100,-0.137400,-0.061100
16120,-0.876953,0.221436,-0.481079,0.351100,-0.137400,0.137400
16140,-0.877319,0.216675,-0.484497,0.335900,-0.015300,0.290100
16160,-0.876709,0.211792,-0.484741,0.412200,0.198500,0.122100
16180,-0.876343,0.214111,-0.482056,0.641200,0.244300,-0.167900
16200,-0.881104,0.219116,-0.484619,0.687000,0.167900,-0.335900
16220,-0.878174,0.221924,-0.484131,0.610700,0.152700,-0.335900
16240,-0.878174,0.219238,-0.480591,0.564900,0.061100,-0.244300
16260,-0.879150,0.217163,-0.480713,0.061100,-0.183200,-0.122100
16280,-0.879639,0.217529,-0.481079,-0.335900,-0.458000,-0.045800
16300,-0.876953,0.218628,-0.487183,-0.274800,-0.503800,-0.259500
16320,-0.877930,0.225586,-0.487549,-0.137400,-0.427500,-0.305300
16340,-0.880127,0.222900,-0.480347,0.000000,-0.259500,-0.244300
16360,-0.877930,0.222290,-0.479492,0.061100,-0.122100,0.030500
16380,-0.879150,0.221436,-0.483643,0.274800,-0.198500,0.122100
16400,-0.880005,0.219971,-0.483276,0.198500,-0.366400,0.030500
16420,-0.878540,0.217773,-0.484619,-0.091600,-0.458000,0.015300
16440,-0.879639,0.213989,-0.485107,-0.274800,-0.366400,0.076300
16460,-0.878906,0.214844,-0.486328,-0.366400,-0.259500,-0.076300
16480,-0.880371,0.216553,-0.487305,-0.244300,-0.183200,-0.213700
16500,-0.877808,0.215820,-0.486938,-0.259500,-0.335900,-0.274800
16520,-0.876587,0.221802,-0.481567,-0.091600,-0.458000,-0.167900
16540,-0.878906,0.221680,-0.485596,0.137400,-0.442700,-0.152700
16560,-0.878174,0.223389,-0.482056,-0.152700,-0.335900,-0.061100
16580,-0.877930,0.218262,-0.486938,-0.305300,-0.259500,0.137400
16600,-0.881836,0.217163,-0.481079,-0.045800,-0.274800,0.305300
16620,-0.878906,0.215210,-0.484619,0.381700,-0.274800,0.122100
16640,-0.880737,0.216919,-0.480713,0.610700,-0.259500,-0.244300
16660,-0.879272,0.220825,-0.480591,0.580200,-0.366400,-0.366400
16680,-0.878906,0.223511,-0.484131,0.000000,-0.519100,-0.030500
16700,-0.878662,0.218506,-0.484497,-0.305300,-0.351100,0.198500
16720,-0.881592,0.214722,-0.481689,-0.274800,-0.229000,0.137400
16740,-0.882324,0.219238,-0.482178,0.045800,-0.290100,-0.091600
16760,-0.879761,0.227661,-0.484863,0.320600,-0.549600,-0.290100
16780,-0.874512,0.227173,-0.481689,0.366400,-0.641200,-0.229000
16800,-0.875000,0.225830,-0.480591,0.137400,-0.549600,0.015300
16820,-0.881470,0.226196,-0.481323,0.045800,-0.458000,0.183200
16840,-0.881958,0.222534,-0.481934,-0.137400,-0.366400,0.229000
16860,-0.876953,0.213867,-0.482300,0.045800,-0.335900,0.213700
16880,-0.878174,0.217651,-0.484741,0.274800,-0.442700,0.106900
16900,-0.879883,0.217896,-0.484009,0.320600,-0.458000,-0.152700
16920,-0.876831,0.219238,-0.482910,0.152700,-0.427500,-0.259500
16940,-0.880737,0.222778,-0.482056,0.091600,-0.366400,-0.137400
16960,-0.878662,0.221924,-0.485352,0.015300,-0.366400,0.000000
16980,-0.878784,0.219360,-0.483643,-0.015300,-0.427500,0.106900
17000,-0.880493,0.217773,-0.482910,0.000000,-0.488500,0.045800
17020,-0.879150,0.216187,-0.485962,-0.045800,-0.412200,-0.167900
17040,-0.880005,0.217163,-0.485962,-0.061100,-0.320600,-0.305300
17060,-0.877808,0.222778,-0.482422,0.106900,-0.335900,-0.335900
17080,-0.880737,0.222778,-0.479370,0.213700,-0.366400,-0.198500
17100,-0.877930,0.222168,-0.481323,0.213700,-0.351100,-0.137400
17120,-0.879395,0.223633,-0.482056,0.167900,-0.259500,-0.137400
17140,-0.882080,0.224731,-0.481689,0.122100,-0.274800,-0.198500
17160,-0.877563,0.219482,-0.478271,0.000000,-0.320600,-0.091600
17180,-0.876831,0.218140,-0.478271,-0.244300,-0.274800,0.030500
17200,-0.879395,0.221313,-0.481934,-0.213700,-0.381700,0.015300
17220,-0.878174,0.221680,-0.483276,0.061100,-0.442700,-0.167900
17240,-0.878174,0.218262,-0.482056,0.259500,-0.427500,-0.244300
17260,-0.877563,0.222168,-0.475464,0.534400,-0.458000,-0.167900
17280,-0.879883,0.222656,-0.484497,0.534400,-0.320600,-0.106900
17300,-0.877686,0.222290,-0.480957,0.351100,-0.229000,-0.122100
17320,-0.879639,0.222290,-0.481689,0.274800,-0.244300,-0.137400
17340,-0.878662,0.220947,-0.481323,0.335900,-0.274800,-0.045800
17360,-0.877441,0.219604,-0.479370,0.488500,-0.290100,0.000000
17380,-0.882080,0.217651,-0.478638,0.351100,-0.335900,-0.152700
17400,-0.879272,0.222168,-0.482666,0.259500,-0.366400,-0.213700
17420,-0.881348,0.221191,-0.478027,0.320600,-0.381700,-0.213700
17440,-0.881836,0.222412,-0.484009,0.366400,-0.381700,-0.030500
17460,-0.877930,0.224976,-0.484009,0.335900,-0.274800,0.045800
17480,-0.880005,0.220825,-0.483276,0.351100,-0.183200,0.137400
17500,-0.879272,0.220825,-0.484009,0.351100,-0.274800,0.137400
17520,-0.878052,0.218018,-0.479614,0.290100,-0.458000,0.076300
17540,-0.880371,0.214355,-0.479736,0.106900,-0.442700,0.076300
17560,-0.880859,0.217163,-0.485962,-0.030500,-0.320600,-0.045800
17580,-0.880005,0.219727,-0.482178,0.015300,-0.320600,-0.229000
17600,-0.880127,0.221313,-0.483032,0.122100,-0.305300,-0.290100
17620,-0.879395,0.223999,-0.484375,0.152700,-0.305300,-0.198500
17640,-0.880981,0.220093,-0.483643,0.045800,-0.229000,-0.061100
17660,-0.879761,0.220215,-0.483887,-0.015300,-0.137400,-0.061100
17680,-0.879272,0.219238,-0.482788,0.030500,-0.167900,-0.137400
17700,-0.878052,0.222046,-0.478638,-0.015300,-0.305300,-0.122100
17720,-0.878418,0.227051,-0.483032,-0.106900,-0.473300,-0.198500
17740,-0.880615,0.226807,-0.483276,-0.122100,-0.488500,-0.198500
17760,-0.877075,0.223022,-0.481934,0.122100,-0.488500,-0.167900
17780,-0.882202,0.223999,-0.483276,0.259500,-0.366400,-0.122100
17800,-0.877075,0.222656,-0.480469,0.167900,-0.290100,-0.030500
17820,-0.879761,0.219971,-0.480591,0.045800,-0.244300,0.091600
17840,-0.879517,0.220825,-0.480835,0.030500,-0.320600,0.061100
17860,-0.878418,0.219849,-0.479614,0.122100,-0.366400,-0.106900
17880,-0.879761,0.222290,-0.484497,0.045800,-0.549600,-0.015300
17900,-0.878540,0.221436,-0.479126,-0.076300,-0.580200,-0.106900
17920,-0.881958,0.221436,-0.486328,-0.213700,-0.458000,-0.167900
17940,-0.880249,0.218750,-0.488281,-0.045800,-0.381700,-0.213700
17960,-0.883301,0.220581,-0.478760,0.229000,-0.335900,-0.198500
17980,-0.880371,0.223022,-0.483032,0.335900,-0.305300,-0.167900
18000,-0.879761,0.226807,-0.480957,0.183200,-0.290100,-0.183200
18020,-0.880005,0.219116,-0.480225,0.061100,-0.274800,-0.167900
18040,-0.877686,0.221680,-0.473755,0.106900,-0.335900,-0.076300
18060,-0.878906,0.223755,-0.482788,0.045800,-0.381700,-0.106900
18080,-0.880249,0.221313,-0.481323,0.045800,-0.412200,-0.198500
18100,-0.878418,0.221924,-0.478638,0.045800,-0.442700,-0.244300
18120,-0.875977,0.224854,-0.481934,0.015300,-0.335900,-0.213700
18140,-0.877930,0.226318,-0.478394,0.152700,-0.305300,-0.122100
18160,-0.877930,0.224487,-0.477661,0.381700,-0.335900,-0.076300
18180,-0.880005,0.223145,-0.481201,0.396900,-0.305300,0.015300
18200,-0.882935,0.222168,-0.476807,0.259500,-0.458000,0.030500
18220,-0.875610,0.223389,-0.482056,0.061100,-0.519100,0.015300
18240,-0.880005,0.221069,-0.483521,0.213700,-0.442700,0.091600
18260,-0.879761,0.217896,-0.482178,0.519100,-0.335900,0.122100
18280,-0.876099,0.220581,-0.479004,0.748100,-0.320600,0.061100
18300,-0.879761,0.220215,-0.482422,0.656500,-0.351100,-0.045800
18320,-0.877563,0.223389,-0.483765,0.213700,-0.305300,-0.106900
18340,-0.876343,0.217529,-0.480103,-0.137400,-0.290100,-0.045800
18360,-0.878174,0.217529,-0.480713,-0.183200,-0.198500,-0.030500
18380,-0.880127,0.218872,-0.481323,0.152700,-0.244300,-0.167900
18400,-0.877808,0.222168,-0.473999,0.259500,-0.305300,-0.381700
18420,-0.878906,0.227295,-0.481934,0.137400,-0.320600,-0.442700
18440,-0.881958,0.224731,-0.479980,-0.152700,-0.320600,-0.290100
18460,-0.878784,0.224487,-0.484375,-0.259500,-0.229000,-0.137400
18480,-0.876099,0.222168,-0.477417,-0.137400,-0.045800,-0.061100
18500,-0.882568,0.221924,-0.481934,0.167900,-0.122100,-0.152700
18520,-0.877563,0.223267,-0.482544,0.488500,-0.320600,-0.274800
18540,-0.878174,0.222778,-0.481445,0.519100,-0.366400,-0.213700
18560,-0.878662,0.222656,-0.481445,0.015300,-0.274800,-0.030500
18580,-0.880127,0.217163,-0.479858,-0.442700,-0.183200,0.076300
18600,-0.881226,0.221558,-0.482178,-0.335900,-0.213700,-0.030500
18620,-0.880249,0.219604,-0.479248,0.229000,-0.274800,-0.198500
18640,-0.879028,0.223999,-0.485474,0.610700,-0.442700,-0.427500
18660,-0.878174,0.223511,-0.484985,0.641200,-0.458000,-0.412200
18680,-0.876343,0.221924,-0.481323,0.229000,-0.198500,-0.152700
18700,-0.877075,0.222778,-0.479126,-0.152700,-0.061100,0.015300
18720,-0.877441,0.219116,-0.480225,-0.198500,-0.030500,0.015300
18740,-0.883545,0.221069,-0.479614,0.351100,-0.198500,-0.167900
18760,-0.875488,0.220337,-0.478516,0.763400,-0.305300,-0.396900
18780,-0.875244,0.221802,-0.481201,0.656500,-0.351100,-0.458000
18800,-0.882324,0.226074,-0.484985,0.290100,-0.290100,-0.274800
18820,-0.877808,0.225220,-0.479126,-0.061100,-0.183200,-0.045800
18840,-0.876343,0.221313,-0.476074,-0.290100,-0.244300,0.015300
18860,-0.879395,0.222168,-0.480347,-0.076300,-0.366400,0.045800
18880,-0.878052,0.221558,-0.480225,0.381700,-0.412200,-0.076300
18900,-0.878906,0.221802,-0.484253,0.626000,-0.396900,-0.122100
18920,-0.877319,0.220093,-0.484375,0.442700,-0.320600,-0.045800
18940,-0.879028,0.220459,-0.481079,0.152700,-0.167900,0.030500
18960,-0.881226,0.217896,-0.479736,-0.106900,-0.122100,0.137400
18980,-0.880127,0.219604,-0.483887,-0.015300,-0.244300,0.015300
19000,-0.879517,0.218384,-0.484009,0.290100,-0.244300,-0.076300
19020,-0.881958,0.218872,-0.475830,0.519100,-0.290100,-0.198500
19040,-0.879517,0.220093,-0.477783,0.580200,-0.366400,-0.320600
19060,-0.879517,0.222412,-0.482300,0.335900,-0.305300,-0.244300
19080,-0.878418,0.221680,-0.485229,-0.061100,-0.229000,-0.122100
19100,-0.879517,0.218018,-0.478760,-0.259500,-0.152700,0.045800
19120,-0.876709,0.221436,-0.482788,0.000000,-0.274800,-0.106900
19140,-0.881592,0.219360,-0.477051,0.335900,-0.427500,-0.213700
19160,-0.878906,0.222534,-0.483887,0.442700,-0.427500,-0.290100
19180,-0.878540,0.224487,-0.478638,0.167900,-0.320600,-0.167900
19200,-0.878052,0.225464,-0.480591,-0.366400,-0.183200,0.076300
19220,-0.877930,0.221924,-0.482178,-0.427500,-0.076300,0.045800
19240,-0.876709,0.221313,-0.484741,-0.106900,-0.167900,-0.152700
19260,-0.877075,0.222900,-0.478516,0.351100,-0.366400,-0.198500
19280,-0.877563,0.220459,-0.481567,0.442700,-0.427500,-0.076300
19300,-0.876221,0.225952,-0.484985,0.229000,-0.473300,0.015300
19320,-0.877686,0.224243,-0.484985,0.076300,-0.442700,0.030500
19340,-0.885376,0.221802,-0.479492,-0.183200,-0.381700,0.137400
19360,-0.881470,0.212769,-0.481567,-0.076300,-0.290100,0.183200
19380,-0.881226,0.217896,-0.481812,0.244300,-0.274800,-0.015300
19400,-0.879761,0.220703,-0.481323,0.610700,-0.366400,-0.381700
19420,-0.876465,0.220459,-0.479004,0.564900,-0.442700,-0.473300
19440,-0.880005,0.224487,-0.479370,0.351100,-0.412200,-0.229000
19460,-0.879395,0.225464,-0.485718,-0.045800,-0.335900,0.000000
19480,-0.877319,0.221069,-0.480957,-0.534400,-0.198500,0.106900
19500,-0.877930,0.217773,-0.476929,-0.412200,-0.122100,0.030500
19520,-0.877686,0.221069,-0.477295,0.106900,-0.167900,-0.244300
19540,-0.876709,0.226074,-0.478882,0.442700,-0.366400,-0.458000
19560,-0.880005,0.229004,-0.482544,0.427500,-0.488500,-0.320600
19580,-0.876709,0.226685,-0.480225,0.106900,-0.473300,-0.030500
19600,-0.881714,0.224365,-0.481567,0.000000,-0.549600,0.213700
19620,-0.879883,0.221558,-0.479492,0.198500,-0.458000,0.290100
19640,-0.878296,0.219238,-0.481934,0.442700,-0.442700,0.167900
19660,-0.879639,0.221191,-0.482300,0.687000,-0.442700,-0.015300
19680,-0.877075,0.221802,-0.477539,0.671800,-0.442700,-0.030500
19700,-0.880981,0.222046,-0.482910,0.351100,-0.412200,0.030500
19720,-0.880859,0.218384,-0.477539,0.091600,-0.519100,0.152700
19740,-0.881226,0.216309,-0.483887,-0.076300,-0.473300,0.152700
19760,-0.878784,0.216187,-0.481201,0.000000,-0.473300,-0.015300
19780,-0.877075,0.222900,-0.483032,0.244300,-0.595400,-0.229000
19800,-0.878906,0.223022,-0.485840,0.381700,-0.549600,-0.366400
19820,-0.879272,0.226807,-0.479858,0.167900,-0.427500,-0.274800
19840,-0.880493,0.227295,-0.482178,-0.122100,-0.229000,-0.091600
19860,-0.879761,0.223999,-0.478760,-0.076300,-0.198500,-0.045800
19880,-0.877808,0.218750,-0.477173,0.366400,-0.290100,-0.015300
19900,-0.882080,0.220703,-0.481812,0.519100,-0.412200,-0.045800
19920,-0.880371,0.227051,-0.480469,0.351100,-0.366400,-0.183200
19940,-0.878418,0.224731,-0.479492,0.198500,-0.351100,-0.152700
19960,-0.875977,0.226562,-0.483643,0.351100,-0.305300,-0.061100
19980,-0.877075,0.222046,-0.477539,0.396900,-0.366400,-0.076300
20000,-0.878174,0.221924,-0.480103,0.061100,-0.488500,-0.030500
20020,-0.881104,0.226074,-0.474976,0.000000,-0.595400,-0.030500
20040,-0.881714,0.225708,-0.483398,0.137400,-0.503800,-0.030500
20060,-0.880859,0.222656,-0.482788,0.198500,-0.351100,0.045800
20080,-0.884155,0.218262,-0.483032,0.320600,-0.259500,0.076300
20100,-0.879883,0.219604,-0.476929,0.610700,-0.259500,-0.076300
20120,-0.876221,0.222900,-0.480103,0.564900,-0.320600,-0.290100
20140,-0.878662,0.222168,-0.477661,0.335900,-0.320600,-0.290100
20180,-0.877441,0.218994,-0.475342,0.167900,-0.320600,-0.061100
20200,-0.880127,0.220215,-0.479980,0.229000,-0.335900,0.000000
20220,-0.880005,0.221436,-0.481201,0.137400,-0.244300,-0.183200
20240,-0.877686,0.223022,-0.481689,0.152700,-0.244300,-0.381700
20260,-0.878784,0.220459,-0.481934,0.229000,-0.305300,-0.351100
20280,-0.878540,0.225342,-0.476196,0.320600,-0.167900,-0.229000
20300,-0.879639,0.224854,-0.479370,0.274800,-0.122100,-0.152700
20320,-0.876953,0.226074,-0.481812,-0.030500,-0.229000,-0.061100
20340,-0.875000,0.222046,-0.483887,0.076300,-0.396900,-0.091600
20360,-0.880737,0.218872,-0.479004,0.274800,-0.381700,-0.076300
20380,-0.880371,0.221924,-0.478638,0.381700,-0.305300,-0.183200
20400,-0.882935,0.225464,-0.476685,0.381700,-0.244300,-0.274800
20420,-0.879517,0.224243,-0.483521,0.290100,-0.213700,-0.259500
20440,-0.875610,0.223511,-0.481323,0.137400,-0.076300,-0.091600
20460,-0.878540,0.219360,-0.478149,0.076300,0.030500,0.061100
20480,-0.880859,0.222046,-0.483643,0.137400,-0.061100,-0.030500
20500,-0.882446,0.221436,-0.483398,0.244300,-0.152700,-0.167900
20520,-0.879150,0.217896,-0.484619,0.290100,-0.183200,-0.198500
20540,-0.880249,0.220093,-0.480591,0.381700,-0.167900,-0.167900
20560,-0.875488,0.222168,-0.479126,0.320600,-0.274800,-0.290100
